[
  {
    "source": "Bhagavad Gita",
    "chapter": "2.47",
    "keywords": ["karma", "duty", "work"],
    "verse": "कर्मण्येवाधिकारस्ते मा फलेषु कदाचन।",
    "full_verse": "कर्मण्येवाधिकारस्ते मा फलेषु कदाचन। मा कर्मफलहेतुर्भूर्मा ते सङ्गोऽस्त्वकर्मणि॥",
    "explanation": "Focus on your duty, not on the result. Peace comes when attachment to outcomes is removed."
  },
  {
    "source": "Bhagavad Gita",
    "chapter": "6.5",
    "keywords": ["self", "uplift", "mind"],
    "verse": "उद्धरेदात्मनाऽत्मानं नात्मानमवसादयेत्।",
    "full_verse": "उद्धरेदात्मनात्मानं नात्मानमवसादयेत्। आत्मैव ह्यात्मनो बन्धुरात्मैव रिपुरात्मनः॥",
    "explanation": "One must uplift oneself by one's own efforts. The mind can be a friend or enemy."
  },
  {
    "source": "Bhagavad Gita",
    "chapter": "12.15",
    "keywords": ["peace", "devotion"],
    "verse": "यस्मान्नोद्विजते लोको लोकान्नोद्विजते च यः।",
    "full_verse": "यस्मान्नोद्विजते लोको लोकान्नोद्विजते च यः। हर्षामर्षभयोद्वेगैर्मुक्तो यः स च मे प्रियः॥",
    "explanation": "A true devotee neither disturbs others nor is disturbed by the world."
  },
  {
    "source": "Bhagavad Gita",
    "chapter": "2.14",
    "keywords": ["dualities", "pleasure", "pain"],
    "verse": "मात्रास्पर्शास्तु कौन्तेय शीतोष्णसुखदुःखदाः।",
    "full_verse": "मात्रास्पर्शास्तु कौन्तेय शीतोष्णसुखदुःखदाः। आगमापायिनोऽनित्यास्तांस्तितिक्षस्व भारत॥",
    "explanation": "Sensory experiences like heat and cold, pleasure and pain are temporary. Learn to endure them with equanimity."
  },
  {
    "source": "Bhagavad Gita",
    "chapter": "2.56",
    "keywords": ["wisdom", "equanimity", "steadiness"],
    "verse": "दुःखेष्वनुद्विग्नमनाः सुखेषु विगतस्पृहः।",
    "full_verse": "दुःखेष्वनुद्विग्नमनाः सुखेषु विगतस्पृहः। वीतरागभयक्रोधः स्थितधीर्मुनिरुच्यते॥",
    "explanation": "One who remains unshaken in distress and free from desire in happiness possesses steady wisdom."
  },
  {
    "source": "Bhagavad Gita",
    "chapter": "3.19",
    "keywords": ["action", "detachment", "liberation"],
    "verse": "तस्मादसक्तः सततं कार्यं कर्म समाचर।",
    "full_verse": "तस्मादसक्तः सततं कार्यं कर्म समाचर। असक्तो ह्याचरन्कर्म परमाप्नोति पूरुषः॥",
    "explanation": "Perform your duty with detachment, for such action leads to liberation and the highest good."
  },
  {
    "source": "Bhagavad Gita",
    "chapter": "4.18",
    "keywords": ["action", "inaction", "wisdom"],
    "verse": "कर्मण्यकर्म यः पश्येदकर्मणि च कर्म यः।",
    "full_verse": "कर्मण्यकर्म यः पश्येदकर्मणि च कर्म यः। स बुद्धिमान्मनुष्येषु स युक्तः कृत्स्नकर्मकृत्॥",
    "explanation": "One who sees inaction in action and action in inaction is truly wise among all beings."
  },
  {
    "source": "Bhagavad Gita",
    "chapter": "5.18",
    "keywords": ["equality", "vision", "wisdom"],
    "verse": "विद्याविनयसम्पन्ने ब्राह्मणे गवि हस्तिनि।",
    "full_verse": "विद्याविनयसम्पन्ने ब्राह्मणे गवि हस्तिनि। शुनि चैव श्वपाके च पण्डिताः समदर्शिनः॥",
    "explanation": "The wise see with equal vision a learned scholar, a cow, an elephant, or even an outcast."
  },
  {
    "source": "Bhagavad Gita",
    "chapter": "6.17",
    "keywords": ["moderation", "balance", "yoga"],
    "verse": "युक्ताहारविहारस्य युक्तचेष्टस्य कर्मसु।",
    "full_verse": "युक्ताहारविहारस्य युक्तचेष्टस्य कर्मसु। युक्तस्वप्नावबोधस्य योगो भवति दुःखहा॥",
    "explanation": "Yoga destroys all suffering for one who is moderate in eating, recreation, work, and sleep."
  },
  {
    "source": "Bhagavad Gita",
    "chapter": "6.35",
    "keywords": ["mind", "control", "practice"],
    "verse": "असंशयं महाबाहो मनो दुर्निग्रहं चलम्।",
    "full_verse": "असंशयं महाबाहो मनो दुर्निग्रहं चलम्। अभ्यासेन तु कौन्तेय वैराग्येण च गृह्यते॥",
    "explanation": "The mind is restless and difficult to control, but through practice and detachment it can be mastered."
  },
  {
    "source": "Bhagavad Gita",
    "chapter": "9.22",
    "keywords": ["devotion", "protection", "surrender"],
    "verse": "अनन्याश्चिन्तयन्तो मां ये जनाः पर्युपासते।",
    "full_verse": "अनन्याश्चिन्तयन्तो मां ये जनाः पर्युपासते। तेषां नित्याभियुक्तानां योगक्षेमं वहाम्यहम्॥",
    "explanation": "Those who worship me with undivided devotion, I preserve what they have and provide what they lack."
  },
  {
    "source": "Bhagavad Gita",
    "chapter": "10.20",
    "keywords": ["divine", "self", "beginning"],
    "verse": "अहमात्मा गुडाकेश सर्वभूताशयस्थितः।",
    "full_verse": "अहमात्मा गुडाकेश सर्वभूताशयस्थितः। अहमादिश्च मध्यं च भूतानामन्त एव च॥",
    "explanation": "I am the Self seated in the hearts of all beings. I am the beginning, the middle, and the end."
  },
  {
    "source": "Bhagavad Gita",
    "chapter": "11.55",
    "keywords": ["devotion", "work", "supreme"],
    "verse": "मत्कर्मकृन्मत्परमो मद्भक्तः सङ्गवर्जितः।",
    "full_verse": "मत्कर्मकृन्मत्परमो मद्भक्तः सङ्गवर्जितः। निर्वैरः सर्वभूतेषु यः स मामेति पाण्डव॥",
    "explanation": "One who works for me alone, devoted to me, free from attachment and enmity toward all, comes to me."
  },
  {
    "source": "Bhagavad Gita",
    "chapter": "13.8",
    "keywords": ["knowledge", "humility", "wisdom"],
    "verse": "अमानित्वमदम्भित्वमहिंसा क्षान्तिरार्जवम्।",
    "full_verse": "अमानित्वमदम्भित्वमहिंसा क्षान्तिरार्जवम्। आचार्योपासनं शौचं स्थैर्यमात्मविनिग्रहः॥",
    "explanation": "Humility, freedom from pride, non-violence, forgiveness, and simplicity constitute true knowledge."
  },
  {
    "source": "Bhagavad Gita",
    "chapter": "14.27",
    "keywords": ["brahman", "immortality", "bliss"],
    "verse": "ब्रह्मणो हि प्रतिष्ठाहममृतस्याव्ययस्य च।",
    "full_verse": "ब्रह्मणो हि प्रतिष्ठाहममृतस्याव्ययस्य च। शाश्वतस्य च धर्मस्य सुखस्यैकान्तिकस्य च॥",
    "explanation": "I am the basis of the formless Brahman, the immortal, the imperishable, and the eternal dharma."
  },
  {
    "source": "Bhagavad Gita",
    "chapter": "15.7",
    "keywords": ["soul", "eternal", "fragment"],
    "verse": "ममैवांशो जीवलोके जीवभूतः सनातनः।",
    "full_verse": "ममैवांशो जीवलोके जीवभूतः सनातनः। मनःषष्ठानीन्द्रियाणि प्रकृतिस्थानि कर्षति॥",
    "explanation": "The living beings in this world are eternal fragments of myself, drawing the mind and senses from nature."
  },
  {
    "source": "Bhagavad Gita",
    "chapter": "16.1",
    "keywords": ["divine", "qualities", "fearlessness"],
    "verse": "अभयं सत्त्वसंशुद्धिर्ज्ञानयोगव्यवस्थितिः।",
    "full_verse": "अभयं सत्त्वसंशुद्धिर्ज्ञानयोगव्यवस्थितिः। दानं दमश्च यज्ञश्च स्वाध्यायस्तप आर्जवम्॥",
    "explanation": "Fearlessness, purity of heart, steadfastness in knowledge and yoga are divine qualities leading to liberation."
  },
  {
    "source": "Bhagavad Gita",
    "chapter": "17.3",
    "keywords": ["faith", "nature", "being"],
    "verse": "सत्त्वानुरूपा सर्वस्य श्रद्धा भवति भारत।",
    "full_verse": "सत्त्वानुरूपा सर्वस्य श्रद्धा भवति भारत। श्रद्धामयोऽयं पुरुषो यो यच्छ्रद्धः स एव सः॥",
    "explanation": "The faith of each person conforms to their inherent nature. A person is defined by their faith."
  },
  {
    "source": "Bhagavad Gita",
    "chapter": "18.5",
    "keywords": ["sacrifice", "charity", "duty"],
    "verse": "यज्ञदानतपःकर्म न त्याज्यं कार्यमेव तत्।",
    "full_verse": "यज्ञदानतपःकर्म न त्याज्यं कार्यमेव तत्। यज्ञो दानं तपश्चैव पावनानि मनीषिणाम्॥",
    "explanation": "Acts of sacrifice, charity, and austerity should not be abandoned; they must be performed as they purify the wise."
  },
  {
    "source": "Bhagavad Gita",
    "chapter": "18.48",
    "keywords": ["duty", "imperfection", "action"],
    "verse": "सहजं कर्म कौन्तेय सदोषमपि न त्यजेत्।",
    "full_verse": "सहजं कर्म कौन्तेय सदोषमपि न त्यजेत्। सर्वारम्भा हि दोषेण धूमेनाग्निरिवावृताः॥",
    "explanation": "One should not abandon their natural duty, even if it has flaws, for all actions are surrounded by imperfections."
  },
  {
    "source": "Bhagavad Gita",
    "chapter": "18.66",
    "keywords": ["surrender", "liberation", "refuge"],
    "verse": "सर्वधर्मान्परित्यज्य मामेकं शरणं व्रज।",
    "full_verse": "सर्वधर्मान्परित्यज्य मामेकं शरणं व्रज। अहं त्वां सर्वपापेभ्यो मोक्षयिष्यामि मा शुचः॥",
    "explanation": "Abandon all duties and take refuge in me alone. I shall liberate you from all sins; do not grieve."
  },
  {
    "source": "Bhagavad Gita",
    "chapter": "2.20",
    "keywords": ["soul", "eternal", "unchanging"],
    "verse": "न जायते म्रियते वा कदाचिन्नायं भूत्वा भविता वा न भूयः।",
    "full_verse": "न जायते म्रियते वा कदाचिन्नायं भूत्वा भविता वा न भूयः। अजो नित्यः शाश्वतोऽयं पुराणो न हन्यते हन्यमाने शरीरे॥",
    "explanation": "The soul is never born nor does it die. It is eternal, unchanging, and beyond physical existence."
  },
  {
    "source": "Bhagavad Gita",
    "chapter": "2.62",
    "keywords": ["desire", "anger", "downfall"],
    "verse": "ध्यायतो विषयान्पुंसः सङ्गस्तेषूपजायते।",
    "full_verse": "ध्यायतो विषयान्पुंसः सङ्गस्तेषूपजायते। सङ्गात्सञ्जायते कामः कामात्क्रोधोऽभिजायते॥",
    "explanation": "Dwelling on sense objects leads to attachment, then desire, anger, delusion, and ultimately destruction."
  },
  {
    "source": "Bhagavad Gita",
    "chapter": "3.27",
    "keywords": ["ego", "nature", "gunas"],
    "verse": "प्रकृतेः क्रियमाणानि गुणैः कर्माणि सर्वशः।",
    "full_verse": "प्रकृतेः क्रियमाणानि गुणैः कर्माणि सर्वशः। अहङ्कारविमूढात्मा कर्ताहमिति मन्यते॥",
    "explanation": "All actions are performed by the qualities of nature, but the ego-deluded soul thinks 'I am the doer.'"
  },
  {
    "source": "Bhagavad Gita",
    "chapter": "4.7",
    "keywords": ["incarnation", "dharma", "protection"],
    "verse": "यदा यदा हि धर्मस्य ग्लानिर्भवति भारत।",
    "full_verse": "यदा यदा हि धर्मस्य ग्लानिर्भवति भारत। अभ्युत्थानमधर्मस्य तदात्मानं सृजाम्यहम्॥",
    "explanation": "Whenever there is a decline of righteousness and rise of evil, I manifest myself to protect the good."
  },
  {
    "source": "Bhagavad Gita",
    "chapter": "4.38",
    "keywords": ["knowledge", "purification", "yoga"],
    "verse": "न हि ज्ञानेन सदृशं पवित्रमिह विद्यते।",
    "full_verse": "न हि ज्ञानेन सदृशं पवित्रमिह विद्यते। तत्स्वयं योगसंसिद्धः कालेनात्मनि विन्दति॥",
    "explanation": "There is nothing as purifying as knowledge. One perfected in yoga discovers this within themselves in time."
  },
  {
    "source": "Bhagavad Gita",
    "chapter": "5.10",
    "keywords": ["detachment", "action", "sin"],
    "verse": "ब्रह्मण्याधाय कर्माणि सङ्गं त्यक्त्वा करोति यः।",
    "full_verse": "ब्रह्मण्याधाय कर्माणि सङ्गं त्यक्त्वा करोति यः। लिप्यते न स पापेन पद्मपत्रमिवाम्भसा॥",
    "explanation": "One who dedicates actions to the Supreme, abandoning attachment, is untouched by sin like a lotus in water."
  },
  {
    "source": "Bhagavad Gita",
    "chapter": "8.7",
    "keywords": ["remembrance", "duty", "devotion"],
    "verse": "तस्मात्सर्वेषु कालेषु मामनुस्मर युध्य च।",
    "full_verse": "तस्मात्सर्वेषु कालेषु मामनुस्मर युध्य च। मय्यर्पितमनोबुद्धिर्मामेवैष्यस्यसंशयम्॥",
    "explanation": "Remember me at all times and perform your duty. With mind and intellect fixed on me, you shall come to me."
  },
  {
    "source": "Bhagavad Gita",
    "chapter": "9.27",
    "keywords": ["offering", "devotion", "consecration"],
    "verse": "यत्करोषि यदश्नासि यज्जुहोषि ददासि यत्।",
    "full_verse": "यत्करोषि यदश्नासि यज्जुहोषि ददासि यत्। यत्तपस्यसि कौन्तेय तत्कुरुष्व मदर्पणम्॥",
    "explanation": "Whatever you do, eat, offer, or give, whatever austerity you practice, do it as an offering to me."
  },
  {
    "source": "Bhagavad Gita",
    "chapter": "12.13",
    "keywords": ["compassion", "contentment", "devotee"],
    "verse": "अद्वेष्टा सर्वभूतानां मैत्रः करुण एव च।",
    "full_verse": "अद्वेष्टा सर्वभूतानां मैत्रः करुण एव च। निर्ममो निरहङ्कारः समदुःखसुखः क्षमी॥",
    "explanation": "One who is free from malice toward all beings, friendly, compassionate, and content is dear to me."
  },
  {
    "source": "Sant Dnyaneshwar",
    "chapter": "1",
    "keywords": ["knowledge", "wisdom", "universe"],
    "verse": "ज्ञानदेव म्हणे विश्वात्मा माझा",
    "full_verse": "ज्ञानदेव म्हणे विश्वात्मा माझा। सकळ जगीं पाहों एकाचा॥",
    "explanation": "The universe and the self are one; true knowledge removes separation."
  },
  {
    "source": "Sant Dnyaneshwar",
    "chapter": "2",
    "keywords": ["detachment", "peace", "treasure"],
    "verse": "निजसुखाचे केले भांडार",
    "full_verse": "निजसुखाचे केले भांडार। विश्वीं न दुजें कांहीं सार॥",
    "explanation": "Inner peace is the greatest treasure of life."
  },
  {
    "source": "Sant Dnyaneshwar",
    "chapter": "3",
    "keywords": ["life", "truth", "self"],
    "verse": "जगाचे जे सार तेचि आत्मा",
    "full_verse": "जगाचे जे सार तेचि आत्मा। तो जाणावा निजबोधामा॥",
    "explanation": "Understanding the self is understanding the essence of life."
  },
  {
    "source": "Sant Dnyaneshwar",
    "chapter": "4",
    "keywords": ["devotion", "love", "bhakti"],
    "verse": "हा परमेश्वर सोडिला देह",
    "full_verse": "हा परमेश्वर सोडिला देह। येणे जन्म सार्थक झालें नेह॥",
    "explanation": "True devotion transforms life into a sacred journey toward the divine."
  },
  {
    "source": "Sant Dnyaneshwar",
    "chapter": "5",
    "keywords": ["maya", "illusion", "reality"],
    "verse": "माया म्हणजे जे दिसते ते खोटे",
    "full_verse": "माया म्हणजे जे दिसते ते खोटे। सत्य एकचि राहिले ओंठे॥",
    "explanation": "What appears real is often illusion; only the eternal truth remains."
  },
  {
    "source": "Sant Dnyaneshwar",
    "chapter": "6",
    "keywords": ["equality", "oneness", "unity"],
    "verse": "सगुण निर्गुण एकच जाण",
    "full_verse": "सगुण निर्गुण एकच जाण। भेद नाहीं त्यामाजी आण॥",
    "explanation": "The manifest and unmanifest are one; duality is an illusion of the mind."
  },
  {
    "source": "Sant Dnyaneshwar",
    "chapter": "7",
    "keywords": ["meditation", "mind", "control"],
    "verse": "मन एकठिकाणी धरावे",
    "full_verse": "मन एकठिकाणी धरावे। ध्यानातें परमात्मा पावे॥",
    "explanation": "By steadying the mind in meditation, one attains the Supreme Self."
  },
  {
    "source": "Sant Dnyaneshwar",
    "chapter": "8",
    "keywords": ["guru", "guidance", "teacher"],
    "verse": "गुरु ब्रह्मा गुरु विष्णू",
    "full_verse": "गुरु ब्रह्मा गुरु विष्णू। गुरु देव महेश्वरू॥",
    "explanation": "The guru embodies all divine forms and is the gateway to liberation."
  },
  {
    "source": "Sant Dnyaneshwar",
    "chapter": "9",
    "keywords": ["action", "karma", "duty"],
    "verse": "कर्म करावे निष्काम भावे",
    "full_verse": "कर्म करावे निष्काम भावे। फळाची इच्छा ठेवूं नये॥",
    "explanation": "Perform actions without desire for results; this is the path to freedom."
  },
  {
    "source": "Sant Dnyaneshwar",
    "chapter": "10",
    "keywords": ["body", "temple", "divine"],
    "verse": "देह देवालय सांगावे",
    "full_verse": "देह देवालय सांगावे। त्यामाजी देव राहे सर्वदा॥",
    "explanation": "The body is a temple where the divine resides always."
  },
  {
    "source": "Sant Dnyaneshwar",
    "chapter": "11",
    "keywords": ["compassion", "kindness", "love"],
    "verse": "सर्व जीवांवरी दया धरावी",
    "full_verse": "सर्व जीवांवरी दया धरावी। प्रेमानें जग जिंकावी॥",
    "explanation": "Show compassion to all beings; win the world through love."
  },
  {
    "source": "Sant Dnyaneshwar",
    "chapter": "12",
    "keywords": ["joy", "bliss", "ananda"],
    "verse": "आनंदाचा सागर ओतीला",
    "full_verse": "आनंदाचा सागर ओतीला। ब्रह्मानंद प्राप्त झाला॥",
    "explanation": "When the ocean of bliss overflows, one attains the supreme joy of Brahman."
  },
  {
    "source": "Sant Dnyaneshwar",
    "chapter": "13",
    "keywords": ["faith", "shraddha", "belief"],
    "verse": "श्रद्धा धरावी पायीं",
    "full_verse": "श्रद्धा धरावी पायीं। तेव्हां परमार्थ मिळे हातीं॥",
    "explanation": "Hold faith at your feet; then the ultimate truth comes into your hands."
  },
  {
    "source": "Sant Dnyaneshwar",
    "chapter": "14",
    "keywords": ["silence", "peace", "stillness"],
    "verse": "मौन हेचि परम साधन",
    "full_verse": "मौन हेचि परम साधन। त्यातें मिळे शांतीचें धन॥",
    "explanation": "Silence is the supreme practice; through it comes the treasure of peace."
  },
  {
    "source": "Sant Dnyaneshwar",
    "chapter": "15",
    "keywords": ["ego", "ahamkar", "pride"],
    "verse": "अहंकार हा शत्रू मोठा",
    "full_verse": "अहंकार हा शत्रू मोठा। तो नाशिला म्हणजे मुक्ति ओढा॥",
    "explanation": "Ego is the greatest enemy; its destruction brings instant liberation."
  },
  {
    "source": "Sant Dnyaneshwar",
    "chapter": "16",
    "keywords": ["present", "moment", "now"],
    "verse": "क्षणभर हा क्षणांचा ठेवा",
    "full_verse": "क्षणभर हा क्षणांचा ठेवा। या क्षणीं परब्रह्म सेवा॥",
    "explanation": "This moment is the essence of all moments; serve the Supreme in this moment."
  },
  {
    "source": "Sant Dnyaneshwar",
    "chapter": "17",
    "keywords": ["truth", "satya", "reality"],
    "verse": "सत्यापरी काहीच नाही",
    "full_verse": "सत्यापरी काहीच नाही। सत्यमार्गें चालावें पाहीं॥",
    "explanation": "Nothing is greater than truth; one must walk the path of truth."
  },
  {
    "source": "Sant Dnyaneshwar",
    "chapter": "18",
    "keywords": ["service", "seva", "selflessness"],
    "verse": "सेवा करावी निःस्वार्थपणे",
    "full_verse": "सेवा करावी निःस्वार्थपणे। तोचि खरा साधू म्हणे॥",
    "explanation": "Serve selflessly; that alone makes one a true saint."
  },
  {
    "source": "Sant Dnyaneshwar",
    "chapter": "19",
    "keywords": ["surrender", "sharanagati", "devotion"],
    "verse": "शरण जावे पूर्ण भावे",
    "full_verse": "शरण जावे पूर्ण भावे। मग ईश्वर रक्षी सर्व ठावे॥",
    "explanation": "Surrender completely with full devotion; then God protects you everywhere."
  },
  {
    "source": "Sant Dnyaneshwar",
    "chapter": "20",
    "keywords": ["breath", "prana", "life"],
    "verse": "श्वास घ्यावा जाणिवेकरून",
    "full_verse": "श्वास घ्यावा जाणिवेकरून। प्राणात देव राहे सर्वस्वी धरून॥",
    "explanation": "Breathe with awareness; God dwells in every breath, holding all existence."
  },
  {
    "source": "Sant Dnyaneshwar",
    "chapter": "21",
    "keywords": ["patience", "dhairya", "endurance"],
    "verse": "धीर धरावा काळासमोर",
    "full_verse": "धीर धरावा काळासमोर। सर्व दुःखांचा शेवट येईल लवकर॥",
    "explanation": "Hold patience before time; all suffering will end soon."
  },
  {
    "source": "Sant Dnyaneshwar",
    "chapter": "22",
    "keywords": ["contentment", "santosha", "satisfaction"],
    "verse": "संतोष हाचि परम सुख",
    "full_verse": "संतोष हाचि परम सुख। जयासी प्राप्त तो धन्य मुख॥",
    "explanation": "Contentment is the supreme happiness; blessed is the one who attains it."
  },
  {
    "source": "Sant Dnyaneshwar",
    "chapter": "23",
    "keywords": ["simplicity", "saralata", "purity"],
    "verse": "सरळपणा हाचि धर्म",
    "full_verse": "सरळपणा हाचि धर्म। कपट सोडावे सर्व कर्म॥",
    "explanation": "Simplicity is the true dharma; abandon deceit in all actions."
  },
  {
    "source": "Sant Dnyaneshwar",
    "chapter": "24",
    "keywords": ["forgiveness", "kshama", "mercy"],
    "verse": "क्षमा शीलाचें भूषण",
    "full_verse": "क्षमा शीलाचें भूषण। तें धरावें जीवनाचें रत्न॥",
    "explanation": "Forgiveness is the ornament of character; hold it as life's jewel."
  },
  {
    "source": "Sant Dnyaneshwar",
    "chapter": "25",
    "keywords": ["wisdom", "viveka", "discrimination"],
    "verse": "विवेक बुद्धि लाभावी",
    "full_verse": "विवेक बुद्धि लाभावी। तेव्हां सत्यासत्य कळावी॥",
    "explanation": "Gain discriminating wisdom; then truth and untruth become clear."
  },
  {
    "source": "Sant Dnyaneshwar",
    "chapter": "26",
    "keywords": ["grace", "kripa", "blessing"],
    "verse": "कृपा होईल गुरूची",
    "full_verse": "कृपा होईल गुरूची। तेव्हां उघडे दार मोक्षाची॥",
    "explanation": "When the guru's grace descends, the door to liberation opens."
  },
  {
    "source": "Sant Dnyaneshwar",
    "chapter": "27",
    "keywords": ["light", "jyoti", "illumination"],
    "verse": "ज्योती ज्योत जळाली",
    "full_verse": "ज्योती ज्योत जळाली। अंधारा नाश झाली॥",
    "explanation": "When light merges with light, all darkness is destroyed."
  },
  {
    "source": "Sant Dnyaneshwar",
    "chapter": "28",
    "keywords": ["humility", "namrata", "modesty"],
    "verse": "नम्रता हीचि शोभा",
    "full_verse": "नम्रता हीचि शोभा। अभिमान न करावा कधा॥",
    "explanation": "Humility is the true beauty; never harbor pride."
  },
  {
    "source": "Sant Dnyaneshwar",
    "chapter": "29",
    "keywords": ["mantra", "naam", "chanting"],
    "verse": "नामाचा जप करावा",
    "full_verse": "नामाचा जप करावा। ते नामीं ब्रह्म पावावा॥",
    "explanation": "Chant the divine name; through that name, attain Brahman."
  },
  {
    "source": "Sant Dnyaneshwar",
    "chapter": "30",
    "keywords": ["liberation", "moksha", "freedom"],
    "verse": "मोक्ष म्हणजे जन्ममरण मुक्ती",
    "full_verse": "मोक्ष म्हणजे जन्ममरण मुक्ती। परब्रह्मात विलीन युक्ती॥",
    "explanation": "Liberation means freedom from birth and death; merging skillfully into the Supreme Brahman."
  },
  {
    "source": "Sant Tukaram",
    "chapter": "1",
    "keywords": ["bhakti", "god", "devotion"],
    "verse": "देवा तुझे घर अंगण जाईला",
    "full_verse": "देवा तुझे घर अंगण जाईला। भेटावे तुझे चरण कमळा॥",
    "explanation": "Sant Tukaram expresses longing to reach God's presence through pure devotion."
  },
  {
    "source": "Sant Tukaram",
    "chapter": "2",
    "keywords": ["ego", "humility"],
    "verse": "अहंकार नासे तोचि साधु",
    "full_verse": "अहंकार नासे तोचि साधु। तुका म्हणे तो पावे मोक्षसुधु॥",
    "explanation": "True spirituality begins when ego disappears."
  },
  {
    "source": "Sant Tukaram",
    "chapter": "3",
    "keywords": ["faith", "life"],
    "verse": "ज्याचे हाती हरि त्याला काय उणे",
    "full_verse": "ज्याचे हाती हरि त्याला काय उणे। तुका म्हणे तो धन्य जन्मे॥",
    "explanation": "One who has faith in God lacks nothing in life."
  },
  {
    "source": "Sant Tukaram",
    "chapter": "4",
    "keywords": ["naam", "chanting", "divine name"],
    "verse": "नाम घेता आमुचे वेड लागले",
    "full_verse": "नाम घेता आमुचे वेड लागले। विठ्ठल विठ्ठल म्हणता अंग थरथरले॥",
    "explanation": "Chanting the divine name brings ecstatic devotion and transforms the entire being."
  },
  {
    "source": "Sant Tukaram",
    "chapter": "5",
    "keywords": ["suffering", "pain", "acceptance"],
    "verse": "दुःख देतो ते देवाची कृपा",
    "full_verse": "दुःख देतो ते देवाची कृपा। तुका म्हणे तो धन्य थोर जपा॥",
    "explanation": "Even suffering is God's grace, teaching us lessons and bringing us closer to Him."
  },
  {
    "source": "Sant Tukaram",
    "chapter": "6",
    "keywords": ["simplicity", "truth", "honesty"],
    "verse": "सरळमार्गें चालावे जगीं",
    "full_verse": "सरळमार्गें चालावे जगीं। तुका म्हणे तेचि ठेवे संगीं॥",
    "explanation": "Walk the simple path of truth; only that keeps God as your companion."
  },
  {
    "source": "Sant Tukaram",
    "chapter": "7",
    "keywords": ["surrender", "trust", "faith"],
    "verse": "सोडिले सारे तुझ्या ठायीं",
    "full_verse": "सोडिले सारे तुझ्या ठायीं। तुका म्हणे माझें काय उणे॥",
    "explanation": "Having surrendered everything to You, I lack nothing, says Tukaram."
  },
  {
    "source": "Sant Tukaram",
    "chapter": "8",
    "keywords": ["patience", "waiting", "divine timing"],
    "verse": "वेळ येईल तेव्हां वरदान मिळेल",
    "full_verse": "वेळ येईल तेव्हां वरदान मिळेल। तुका म्हणे धीर ठेव जनी॥",
    "explanation": "Blessings come at the right time; hold patience, dear one."
  },
  {
    "source": "Sant Tukaram",
    "chapter": "9",
    "keywords": ["contentment", "peace", "satisfaction"],
    "verse": "जे मिळाले ते पुरे",
    "full_verse": "जे मिळाले ते पुरे। तुका म्हणे आणखी काय मागूं हरे॥",
    "explanation": "What I have received is enough; what more should I ask from God?"
  },
  {
    "source": "Sant Tukaram",
    "chapter": "10",
    "keywords": ["service", "humanity", "compassion"],
    "verse": "मानव सेवा हीचि माधव सेवा",
    "full_verse": "मानव सेवा हीचि माधव सेवा। तुका म्हणे हाचि धर्म श्रेवा॥",
    "explanation": "Service to humanity is service to God; this is the supreme dharma."
  },
  {
    "source": "Sant Tukaram",
    "chapter": "11",
    "keywords": ["maya", "illusion", "world"],
    "verse": "माया मोहाचे जाळे",
    "full_verse": "माया मोहाचे जाळे। तुका म्हणे नाम घेता तुटती बंधनाचे बाळे॥",
    "explanation": "Maya is a web of attachment; chanting the Name breaks all bonds."
  },
  {
    "source": "Sant Tukaram",
    "chapter": "12",
    "keywords": ["forgiveness", "mercy", "kindness"],
    "verse": "क्षमा करावी सर्वांची",
    "full_verse": "क्षमा करावी सर्वांची। तुका म्हणे तीचि देवाची सांची॥",
    "explanation": "Forgive everyone; this alone is true devotion to God."
  },
  {
    "source": "Sant Tukaram",
    "chapter": "13",
    "keywords": ["grace", "blessing", "divine gift"],
    "verse": "कृपा झाली तेव्हां सारे साध्य झाले",
    "full_verse": "कृपा झाली तेव्हां सारे साध्य झाले। तुका म्हणे हरि प्रसन्न झाले॥",
    "explanation": "When grace descends, everything is accomplished; God becomes pleased."
  },
  {
    "source": "Sant Tukaram",
    "chapter": "14",
    "keywords": ["detachment", "renunciation", "vairagya"],
    "verse": "संसार सोडिला मनाने",
    "full_verse": "संसार सोडिला मनाने। तुका म्हणे राहिलो विठोबा एकटा आपणे॥",
    "explanation": "Having renounced the world mentally, only Vitthal remains as my own."
  },
  {
    "source": "Sant Tukaram",
    "chapter": "15",
    "keywords": ["meditation", "concentration", "focus"],
    "verse": "ध्यानी ठेवावे पाय हरीचे",
    "full_verse": "ध्यानी ठेवावे पाय हरीचे। तुका म्हणे तेचि उद्धार करीचे॥",
    "explanation": "Keep God's feet in your meditation; that alone brings salvation."
  },
  {
    "source": "Sant Tukaram",
    "chapter": "16",
    "keywords": ["joy", "bliss", "happiness"],
    "verse": "आनंद झाला तन मन भरले",
    "full_verse": "आनंद झाला तन मन भरले। तुका म्हणे हरि दर्शन घडले॥",
    "explanation": "Joy filled body and mind; the vision of God was granted."
  },
  {
    "source": "Sant Tukaram",
    "chapter": "17",
    "keywords": ["company", "satsang", "fellowship"],
    "verse": "संत संगतीला जावे",
    "full_verse": "संत संगतीला जावे। तुका म्हणे तेथे हरी पावे॥",
    "explanation": "Go to the company of saints; there you will find God."
  },
  {
    "source": "Sant Tukaram",
    "chapter": "18",
    "keywords": ["purity", "cleanliness", "clarity"],
    "verse": "मन निर्मळ करावे",
    "full_verse": "मन निर्मळ करावे। तुका म्हणे तेथे हरी रहावे॥",
    "explanation": "Purify the mind; there God will reside."
  },
  {
    "source": "Sant Tukaram",
    "chapter": "19",
    "keywords": ["worship", "prayer", "offering"],
    "verse": "तुळशीची माळ गळा",
    "full_verse": "तुळशीची माळ गळा। तुका म्हणे नामाची अखंड माळा॥",
    "explanation": "Wear the tulsi garland on your neck; chant the Name's unbroken rosary."
  },
  {
    "source": "Sant Tukaram",
    "chapter": "20",
    "keywords": ["strength", "courage", "power"],
    "verse": "शक्ती देई हरी आपुली",
    "full_verse": "शक्ती देई हरी आपुली। तुका म्हणे नाही भीती जगाची झाली॥",
    "explanation": "God gives His own strength; no fear of the world remains."
  },
  {
    "source": "Sant Tukaram",
    "chapter": "21",
    "keywords": ["destiny", "fate", "karma"],
    "verse": "नशीब बदलेल नाम घेता",
    "full_verse": "नशीब बदलेल नाम घेता। तुका म्हणे कर्माचा बोजा उतरेल चिता॥",
    "explanation": "Destiny changes by chanting the Name; the burden of karma lifts completely."
  },
  {
    "source": "Sant Tukaram",
    "chapter": "22",
    "keywords": ["protection", "shelter", "refuge"],
    "verse": "रक्षण करीत नेहमी विठ्ठल",
    "full_verse": "रक्षण करीत नेहमी विठ्ठल। तुका म्हणे माझा तो आधार बळ॥",
    "explanation": "Vitthal always protects; He is my support and strength."
  },
  {
    "source": "Sant Tukaram",
    "chapter": "23",
    "keywords": ["memory", "remembrance", "smrti"],
    "verse": "विसरू नको कधी पंढरीला",
    "full_verse": "विसरू नको कधी पंढरीला। तुका म्हणे तेथे राहे विठोबा कृपाळा॥",
    "explanation": "Never forget Pandhari; there resides the compassionate Vithoba."
  },
  {
    "source": "Sant Tukaram",
    "chapter": "24",
    "keywords": ["tears", "emotion", "devotion"],
    "verse": "डोळ्यातून अश्रू गळती",
    "full_verse": "डोळ्यातून अश्रू गळती। तुका म्हणे भक्तीची ओळखती॥",
    "explanation": "Tears flow from the eyes; this is the recognition of true devotion."
  },
  {
    "source": "Sant Tukaram",
    "chapter": "25",
    "keywords": ["hope", "faith", "trust"],
    "verse": "आशा ठेवावी हरीवर",
    "full_verse": "आशा ठेवावी हरीवर। तुका म्हणे तो न सोडे कधी घर॥",
    "explanation": "Place your hope in God; He will never abandon your home."
  },
  {
    "source": "Sant Tukaram",
    "chapter": "26",
    "keywords": ["sacrifice", "offering", "dedication"],
    "verse": "अर्पण केले सर्वस्व",
    "full_verse": "अर्पण केले सर्वस्व। तुका म्हणे घेतले हरीने प्रेमाचे पूर्व॥",
    "explanation": "Offered everything; God accepted the offering of pure love."
  },
  {
    "source": "Sant Tukaram",
    "chapter": "27",
    "keywords": ["time", "moment", "present"],
    "verse": "वेळ सोडू नको हातातली",
    "full_verse": "वेळ सोडू नको हातातली। तुका म्हणे नामस्मरण करावे आतापली॥",
    "explanation": "Don't waste the time in your hands; chant the Name right now."
  },
  {
    "source": "Sant Tukaram",
    "chapter": "28",
    "keywords": ["sleep", "awakening", "consciousness"],
    "verse": "झोप उडाली नामाने",
    "full_verse": "झोप उडाली नामाने। तुका म्हणे जागृत झालो आत्म्याने॥",
    "explanation": "Sleep vanished through the Name; I awakened to my true Self."
  },
  {
    "source": "Sant Tukaram",
    "chapter": "29",
    "keywords": ["victory", "triumph", "success"],
    "verse": "जिंकले जग नामाची करामत",
    "full_verse": "जिंकले जग नामाची करामत। तुका म्हणे हीच खरी भक्तीची सामर्थ्यात॥",
    "explanation": "Conquered the world through the miracle of the Name; this is the true power of devotion."
  },
  {
    "source": "Sant Tukaram",
    "chapter": "30",
    "keywords": ["final", "ultimate", "moksha"],
    "verse": "शेवटी पावेन विठोबाला",
    "full_verse": "शेवटी पावेन विठोबाला। तुका म्हणे मुक्ती होईल सकाळा॥",
    "explanation": "Finally I shall reach Vithoba; liberation will come in the morning."
  }
]

